minute,X,Y,player,shotType,result,h_team,a_team,player_assisted,xG
44,0.035999999046325684,0.5429999923706055,Julian Chabot,LeftFoot,OwnGoal,RasenBallsport Leipzig,VfB Stuttgart,,0
28,0.9419999694824219,0.6990000152587891,David Raum,LeftFoot,MissedShots,Bayern Munich,RasenBallsport Leipzig,Nicolas Seiwald,0.0502757802605629
28,0.9259999847412109,0.3189999961853027,Loïs Openda,RightFoot,BlockedShot,Bayern Munich,RasenBallsport Leipzig,,0.04674576595425606
43,0.8619999694824219,0.32799999237060545,Xaver Schlager,RightFoot,BlockedShot,Bayern Munich,RasenBallsport Leipzig,Johan Bakayoko,0.054438427090644836
49,0.8959999847412109,0.3029999923706055,Johan Bakayoko,RightFoot,BlockedShot,Bayern Munich,RasenBallsport Leipzig,Loïs Openda,0.051909636706113815
45,0.8209999847412109,0.3129999923706055,Johan Bakayoko,LeftFoot,BlockedShot,Bayern Munich,RasenBallsport Leipzig,Xaver Schlager,0.02903265506029129
45,0.765,0.42,Xaver Schlager,LeftFoot,MissedShots,Bayern Munich,RasenBallsport Leipzig,,0.012898026034235954
57,0.914000015258789,0.5920000076293945,Nicolas Seiwald,RightFoot,BlockedShot,Bayern Munich,RasenBallsport Leipzig,Xaver Schlager,0.0999424085021019
58,0.855,0.3060000038146973,Bote Baku,LeftFoot,BlockedShot,Bayern Munich,RasenBallsport Leipzig,,0.030169857665896416
61,0.8240000152587891,0.5029999923706054,Antonio Nusa,RightFoot,MissedShots,Bayern Munich,RasenBallsport Leipzig,Rômulo,0.05595800653100014
82,0.805,0.2929999923706055,Christoph Baumgartner,RightFoot,SavedShot,Bayern Munich,RasenBallsport Leipzig,Bote Baku,0.01900630071759224
93,0.8040000152587891,0.6630000305175782,Antonio Nusa,RightFoot,BlockedShot,Bayern Munich,RasenBallsport Leipzig,Xavi Simons,0.02922726608812809
94,0.924000015258789,0.3970000076293945,Christoph Baumgartner,Head,MissedShots,Bayern Munich,RasenBallsport Leipzig,David Raum,0.04303041473031044
4,0.8619999694824219,0.47200000762939454,Christoph Baumgartner,RightFoot,MissedShots,RasenBallsport Leipzig,FC Heidenheim,,0.39224207401275635
11,0.95,0.35900001525878905,Ezechiel Banzuzi,LeftFoot,SavedShot,RasenBallsport Leipzig,FC Heidenheim,,0.07027117908000946
11,0.9730000305175781,0.3970000076293945,Rômulo,RightFoot,MissedShots,RasenBallsport Leipzig,FC Heidenheim,,0.333842396736145
27,0.9259999847412109,0.4490000152587891,Christoph Baumgartner,Head,MissedShots,RasenBallsport Leipzig,FC Heidenheim,David Raum,0.09821384400129318
32,0.88,0.500999984741211,Rômulo,RightFoot,SavedShot,RasenBallsport Leipzig,FC Heidenheim,Christoph Baumgartner,0.08997014909982681
34,0.7130000305175781,0.42700000762939455,Ezechiel Banzuzi,RightFoot,BlockedShot,RasenBallsport Leipzig,FC Heidenheim,Xaver Schlager,0.01660802587866783
35,0.950999984741211,0.5020000076293946,Castello Lukeba,Head,MissedShots,RasenBallsport Leipzig,FC Heidenheim,David Raum,0.10502102226018906
47,0.9469999694824218,0.669000015258789,Christoph Baumgartner,RightFoot,Goal,RasenBallsport Leipzig,FC Heidenheim,David Raum,0.2812620997428894
55,0.905,0.4929999923706055,Rômulo,RightFoot,MissedShots,RasenBallsport Leipzig,FC Heidenheim,Xaver Schlager,0.10653147846460342
64,0.865999984741211,0.42400001525878905,Antonio Nusa,RightFoot,BlockedShot,RasenBallsport Leipzig,FC Heidenheim,Bote Baku,0.10641122609376907
64,0.925,0.39099998474121095,Christoph Baumgartner,Head,ShotOnPost,RasenBallsport Leipzig,FC Heidenheim,David Raum,0.036639537662267685
66,0.8630000305175781,0.5309999847412109,Christoph Baumgartner,Head,MissedShots,RasenBallsport Leipzig,FC Heidenheim,David Raum,0.010629911907017231
69,0.9080000305175782,0.6869999694824219,Antonio Nusa,RightFoot,MissedShots,RasenBallsport Leipzig,FC Heidenheim,Christoph Baumgartner,0.07458116859197617
70,0.93,0.34799999237060547,Bote Baku,LeftFoot,SavedShot,RasenBallsport Leipzig,FC Heidenheim,Willi Orban,0.2997741997241974
77,0.9640000152587891,0.4590000152587891,Rômulo,RightFoot,Goal,RasenBallsport Leipzig,FC Heidenheim,Bote Baku,0.6863177418708801
89,0.88,0.465,Yan Diomande,RightFoot,MissedShots,RasenBallsport Leipzig,FC Heidenheim,Bote Baku,0.4786159098148346
90,0.78,0.600999984741211,Assan Ouédraogo,RightFoot,MissedShots,RasenBallsport Leipzig,FC Heidenheim,,0.027861101552844048
92,0.8040000152587891,0.6959999847412109,Loïs Openda,RightFoot,BlockedShot,RasenBallsport Leipzig,FC Heidenheim,,0.07571747153997421
92,0.845999984741211,0.6580000305175782,Loïs Openda,RightFoot,BlockedShot,RasenBallsport Leipzig,FC Heidenheim,,0.03258200362324715
1,0.75,0.44400001525878907,David Raum,LeftFoot,MissedShots,Mainz 05,RasenBallsport Leipzig,,0.06691265851259232
3,0.9209999847412109,0.5870000076293945,Rômulo,LeftFoot,MissedShots,Mainz 05,RasenBallsport Leipzig,Bote Baku,0.09261445701122284
8,0.8340000152587891,0.5620000076293945,Johan Bakayoko,LeftFoot,ShotOnPost,Mainz 05,RasenBallsport Leipzig,Antonio Nusa,0.4898729920387268
11,0.8059999847412109,0.6070000076293945,Nicolas Seiwald,RightFoot,ShotOnPost,Mainz 05,RasenBallsport Leipzig,Antonio Nusa,0.03649190068244934
20,0.6919999694824219,0.35200000762939454,David Raum,LeftFoot,BlockedShot,Mainz 05,RasenBallsport Leipzig,,0.03269048407673836
20,0.8880000305175781,0.4929999923706055,Christoph Baumgartner,Head,BlockedShot,Mainz 05,RasenBallsport Leipzig,David Raum,0.030887821689248085
21,0.7280000305175781,0.6129999923706054,Bote Baku,RightFoot,MissedShots,Mainz 05,RasenBallsport Leipzig,,0.014122076332569122
21,0.8109999847412109,0.5229999923706055,Castello Lukeba,LeftFoot,SavedShot,Mainz 05,RasenBallsport Leipzig,Bote Baku,0.05109769478440285
29,0.825999984741211,0.7230000305175781,Antonio Nusa,RightFoot,MissedShots,Mainz 05,RasenBallsport Leipzig,Castello Lukeba,0.0265079103410244
39,0.7709999847412109,0.3139999961853027,Johan Bakayoko,LeftFoot,Goal,Mainz 05,RasenBallsport Leipzig,Ezechiel Banzuzi,0.01781505160033703
41,0.87,0.6079999923706054,Rômulo,RightFoot,MissedShots,Mainz 05,RasenBallsport Leipzig,Antonio Nusa,0.09340408444404602
41,0.865999984741211,0.6029999923706054,Antonio Nusa,LeftFoot,SavedShot,Mainz 05,RasenBallsport Leipzig,Christoph Baumgartner,0.12907257676124573
44,0.870999984741211,0.664000015258789,Antonio Nusa,RightFoot,BlockedShot,Mainz 05,RasenBallsport Leipzig,David Raum,0.08060333877801895
45,0.970999984741211,0.4179999923706055,Castello Lukeba,Head,BlockedShot,Mainz 05,RasenBallsport Leipzig,David Raum,0.042704977095127106
45,0.7,0.519000015258789,Bote Baku,RightFoot,BlockedShot,Mainz 05,RasenBallsport Leipzig,,0.01299876719713211
61,0.8480000305175781,0.5920000076293945,Christoph Baumgartner,RightFoot,MissedShots,Mainz 05,RasenBallsport Leipzig,Antonio Nusa,0.11263592541217804
70,0.9030000305175782,0.6959999847412109,Conrad Harder,LeftFoot,MissedShots,Mainz 05,RasenBallsport Leipzig,Ezechiel Banzuzi,0.0681396946310997
72,0.905,0.6409999847412109,Conrad Harder,Head,SavedShot,Mainz 05,RasenBallsport Leipzig,David Raum,0.019977720454335213
73,0.8640000152587891,0.3870000076293945,Yan Diomande,RightFoot,BlockedShot,Mainz 05,RasenBallsport Leipzig,,0.08307261019945145
6,0.9119999694824219,0.524000015258789,Willi Orban,RightFoot,MissedShots,RasenBallsport Leipzig,FC Cologne,David Raum,0.08496500551700592
12,0.965,0.4879999923706055,Assan Ouédraogo,RightFoot,SavedShot,RasenBallsport Leipzig,FC Cologne,,0.6425160765647888
12,0.9669999694824218,0.4779999923706055,Assan Ouédraogo,RightFoot,Goal,RasenBallsport Leipzig,FC Cologne,,0.7167868614196777
25,0.9319999694824219,0.39799999237060546,Willi Orban,LeftFoot,BlockedShot,RasenBallsport Leipzig,FC Cologne,David Raum,0.05769658833742142
25,0.81,0.495,Yan Diomande,RightFoot,BlockedShot,RasenBallsport Leipzig,FC Cologne,Johan Bakayoko,0.04533318430185318
36,0.8019999694824219,0.47299999237060547,Johan Bakayoko,LeftFoot,BlockedShot,RasenBallsport Leipzig,FC Cologne,Yan Diomande,0.05128180980682373
39,0.874000015258789,0.5720000076293945,Christoph Baumgartner,Head,MissedShots,RasenBallsport Leipzig,FC Cologne,Nicolas Seiwald,0.012867987155914307
41,0.735,0.46700000762939453,Bote Baku,RightFoot,MissedShots,RasenBallsport Leipzig,FC Cologne,,0.01573096215724945
42,0.9119999694824219,0.515,Rômulo,RightFoot,SavedShot,RasenBallsport Leipzig,FC Cologne,Yan Diomande,0.1340773105621338
43,0.9230000305175782,0.46900001525878904,Christoph Baumgartner,RightFoot,SavedShot,RasenBallsport Leipzig,FC Cologne,Johan Bakayoko,0.5308574438095093
43,0.975999984741211,0.49400001525878906,Rômulo,RightFoot,Goal,RasenBallsport Leipzig,FC Cologne,,0.9122833013534546
48,0.805,0.3509999847412109,David Raum,LeftFoot,Goal,RasenBallsport Leipzig,FC Cologne,,0.09567852318286896
46,0.85,0.5070000076293946,Rômulo,Head,SavedShot,RasenBallsport Leipzig,FC Cologne,David Raum,0.028115734457969666
46,0.975999984741211,0.57,Willi Orban,LeftFoot,MissedShots,RasenBallsport Leipzig,FC Cologne,,0.590223491191864
55,0.8369999694824218,0.65,Nicolas Seiwald,RightFoot,MissedShots,RasenBallsport Leipzig,FC Cologne,,0.03680526092648506
58,0.875,0.6029999923706054,Yan Diomande,LeftFoot,SavedShot,RasenBallsport Leipzig,FC Cologne,Rômulo,0.3806345462799072
78,0.8930000305175781,0.3320000076293945,Bote Baku,RightFoot,MissedShots,RasenBallsport Leipzig,FC Cologne,Ezechiel Banzuzi,0.08641069382429123
88,0.9169999694824219,0.6480000305175782,Rômulo,LeftFoot,MissedShots,RasenBallsport Leipzig,FC Cologne,Conrad Harder,0.3350822627544403
7,0.8319999694824218,0.5,Johan Bakayoko,LeftFoot,Goal,Wolfsburg,RasenBallsport Leipzig,Rômulo,0.08109868317842484
10,0.8009999847412109,0.6809999847412109,Yan Diomande,RightFoot,BlockedShot,Wolfsburg,RasenBallsport Leipzig,David Raum,0.014914763160049915
13,0.8590000152587891,0.6880000305175781,Christoph Baumgartner,RightFoot,MissedShots,Wolfsburg,RasenBallsport Leipzig,Yan Diomande,0.05591874569654465
24,0.9269999694824219,0.5229999923706055,Johan Bakayoko,RightFoot,SavedShot,Wolfsburg,RasenBallsport Leipzig,,0.5770906209945679
27,0.8209999847412109,0.36900001525878906,Bote Baku,LeftFoot,SavedShot,Wolfsburg,RasenBallsport Leipzig,Nicolas Seiwald,0.054096806794404984
33,0.860999984741211,0.3940000152587891,Johan Bakayoko,LeftFoot,SavedShot,Wolfsburg,RasenBallsport Leipzig,Willi Orban,0.09480161219835281
46,0.8219999694824218,0.4470000076293945,Assan Ouédraogo,RightFoot,BlockedShot,Wolfsburg,RasenBallsport Leipzig,Christoph Baumgartner,0.06982147693634033
47,0.8119999694824219,0.31799999237060544,Johan Bakayoko,LeftFoot,ShotOnPost,Wolfsburg,RasenBallsport Leipzig,David Raum,0.028793614357709885
57,0.799000015258789,0.4420000076293945,Bote Baku,LeftFoot,MissedShots,Wolfsburg,RasenBallsport Leipzig,Christoph Baumgartner,0.05567886680364609
59,0.8219999694824218,0.5070000076293946,David Raum,LeftFoot,MissedShots,Wolfsburg,RasenBallsport Leipzig,,0.18105214834213257
64,0.789000015258789,0.37799999237060544,Ezechiel Banzuzi,RightFoot,SavedShot,Wolfsburg,RasenBallsport Leipzig,Johan Bakayoko,0.05854211747646332
65,0.7859999847412109,0.3659999847412109,Bote Baku,LeftFoot,BlockedShot,Wolfsburg,RasenBallsport Leipzig,Christoph Baumgartner,0.041846346110105515
65,0.8730000305175781,0.5129999923706055,Rômulo,RightFoot,BlockedShot,Wolfsburg,RasenBallsport Leipzig,,0.11609171330928802
68,0.93,0.4909999847412109,Ezechiel Banzuzi,Head,MissedShots,Wolfsburg,RasenBallsport Leipzig,David Raum,0.19922611117362976
69,0.7480000305175781,0.40599998474121096,Johan Bakayoko,LeftFoot,BlockedShot,Wolfsburg,RasenBallsport Leipzig,Yan Diomande,0.019092168658971786
70,0.845,0.644000015258789,Yan Diomande,RightFoot,SavedShot,Wolfsburg,RasenBallsport Leipzig,David Raum,0.03774437680840492
71,0.874000015258789,0.32299999237060545,Ezechiel Banzuzi,RightFoot,BlockedShot,Wolfsburg,RasenBallsport Leipzig,Christoph Baumgartner,0.06514015793800354
79,0.845999984741211,0.6359999847412109,Antonio Nusa,RightFoot,BlockedShot,Wolfsburg,RasenBallsport Leipzig,,0.04638339579105377
89,0.885,0.5,Christoph Baumgartner,RightFoot,MissedShots,Wolfsburg,RasenBallsport Leipzig,,0.75777667760849
96,0.7819999694824219,0.56,Ezechiel Banzuzi,RightFoot,BlockedShot,Wolfsburg,RasenBallsport Leipzig,Conrad Harder,0.0608183816075325
6,0.9309999847412109,0.53,Christoph Baumgartner,LeftFoot,Goal,Borussia Dortmund,RasenBallsport Leipzig,Assan Ouédraogo,0.5311795473098755
35,0.9219999694824219,0.5929999923706055,Rômulo,LeftFoot,BlockedShot,Borussia Dortmund,RasenBallsport Leipzig,,0.09129875153303146
45,0.9719999694824218,0.705999984741211,David Raum,LeftFoot,MissedShots,Borussia Dortmund,RasenBallsport Leipzig,Johan Bakayoko,0.01781594753265381
45,0.874000015258789,0.485,Rômulo,Head,MissedShots,Borussia Dortmund,RasenBallsport Leipzig,Bote Baku,0.020138224586844444
46,0.84,0.4809999847412109,Assan Ouédraogo,LeftFoot,MissedShots,Borussia Dortmund,RasenBallsport Leipzig,Johan Bakayoko,0.07414843142032623
48,0.840999984741211,0.445,Willi Orban,Head,BlockedShot,Borussia Dortmund,RasenBallsport Leipzig,David Raum,0.012177913449704647
48,0.909000015258789,0.5370000076293945,Nicolas Seiwald,LeftFoot,BlockedShot,Borussia Dortmund,RasenBallsport Leipzig,,0.12588176131248474
50,0.8590000152587891,0.3370000076293945,Johan Bakayoko,LeftFoot,SavedShot,Borussia Dortmund,RasenBallsport Leipzig,Assan Ouédraogo,0.07201729714870453
60,0.775,0.4420000076293945,Johan Bakayoko,LeftFoot,MissedShots,Borussia Dortmund,RasenBallsport Leipzig,Christoph Baumgartner,0.030778225511312485
76,0.8069999694824219,0.6659999847412109,Christoph Baumgartner,RightFoot,MissedShots,Borussia Dortmund,RasenBallsport Leipzig,David Raum,0.0314209945499897
77,0.7440000152587891,0.7669999694824219,Johan Bakayoko,RightFoot,MissedShots,Borussia Dortmund,RasenBallsport Leipzig,David Raum,0.010914439335465431
79,0.8519999694824218,0.4540000152587891,Christoph Baumgartner,RightFoot,SavedShot,Borussia Dortmund,RasenBallsport Leipzig,Bote Baku,0.09402429312467575
80,0.7680000305175781,0.3060000038146973,Johan Bakayoko,LeftFoot,BlockedShot,Borussia Dortmund,RasenBallsport Leipzig,Bote Baku,0.03051091730594635
5,0.7669999694824219,0.705999984741211,David Raum,LeftFoot,MissedShots,RasenBallsport Leipzig,Hamburger SV,,0.05247915908694267
10,0.8809999847412109,0.6909999847412109,Antonio Nusa,RightFoot,SavedShot,RasenBallsport Leipzig,Hamburger SV,Assan Ouédraogo,0.03967716917395592
19,0.9290000152587891,0.44099998474121094,Rômulo,Head,MissedShots,RasenBallsport Leipzig,Hamburger SV,David Raum,0.05749047175049782
24,0.9069999694824219,0.4,Christoph Baumgartner,RightFoot,SavedShot,RasenBallsport Leipzig,Hamburger SV,Assan Ouédraogo,0.11391544342041016
25,0.8219999694824218,0.5129999923706055,Antonio Nusa,RightFoot,BlockedShot,RasenBallsport Leipzig,Hamburger SV,Bote Baku,0.04662209376692772
30,0.8030000305175782,0.4570000076293945,Antonio Nusa,RightFoot,MissedShots,RasenBallsport Leipzig,Hamburger SV,Johan Bakayoko,0.048848628997802734
44,0.9540000152587891,0.49,Christoph Baumgartner,Head,Goal,RasenBallsport Leipzig,Hamburger SV,Antonio Nusa,0.5929722785949707
49,0.9119999694824219,0.615999984741211,Christoph Baumgartner,RightFoot,Goal,RasenBallsport Leipzig,Hamburger SV,Rômulo,0.11075746268033981
74,0.8069999694824219,0.48400001525878905,Antonio Nusa,RightFoot,BlockedShot,RasenBallsport Leipzig,Hamburger SV,Christoph Baumgartner,0.056482091546058655
91,0.7080000305175781,0.48400001525878905,Conrad Harder,LeftFoot,MissedShots,RasenBallsport Leipzig,Hamburger SV,Ezechiel Banzuzi,0.03686056658625603
9,0.9409999847412109,0.33099998474121095,Yan Diomande,RightFoot,Goal,Augsburg,RasenBallsport Leipzig,Rômulo,0.3026735186576843
15,0.7419999694824219,0.4109999847412109,Assan Ouédraogo,RightFoot,MissedShots,Augsburg,RasenBallsport Leipzig,Rômulo,0.03580045327544212
17,0.7809999847412109,0.405,Bote Baku,RightFoot,BlockedShot,Augsburg,RasenBallsport Leipzig,Antonio Nusa,0.037681806832551956
17,0.924000015258789,0.534000015258789,Rômulo,RightFoot,Goal,Augsburg,RasenBallsport Leipzig,Assan Ouédraogo,0.5500351190567017
21,0.8719999694824219,0.45099998474121095,Antonio Nusa,RightFoot,Goal,Augsburg,RasenBallsport Leipzig,Yan Diomande,0.4327831268310547
37,0.8580000305175781,0.4590000152587891,Christoph Baumgartner,RightFoot,Goal,Augsburg,RasenBallsport Leipzig,Yan Diomande,0.13403190672397614
54,0.8430000305175781,0.5129999923706055,Assan Ouédraogo,LeftFoot,SavedShot,Augsburg,RasenBallsport Leipzig,Bote Baku,0.11558063328266144
55,0.8209999847412109,0.5320000076293945,Assan Ouédraogo,RightFoot,Goal,Augsburg,RasenBallsport Leipzig,Christoph Baumgartner,0.09358220547437668
61,0.9069999694824219,0.5220000076293946,Bote Baku,LeftFoot,MissedShots,Augsburg,RasenBallsport Leipzig,David Raum,0.1459699124097824
63,0.7909999847412109,0.6719999694824219,Antonio Nusa,RightFoot,BlockedShot,Augsburg,RasenBallsport Leipzig,Conrad Harder,0.04066101089119911
64,0.92,0.5279999923706055,Castello Lukeba,LeftFoot,Goal,Augsburg,RasenBallsport Leipzig,,0.5084083676338196
73,0.915,0.45299999237060545,El Chadaille Bitshiabu,Head,MissedShots,Augsburg,RasenBallsport Leipzig,David Raum,0.08506286144256592
81,0.855,0.67,Conrad Harder,RightFoot,BlockedShot,Augsburg,RasenBallsport Leipzig,,0.05057850480079651
82,0.8880000305175781,0.4,Tidiam Gomis,RightFoot,BlockedShot,Augsburg,RasenBallsport Leipzig,Andrija Maksimovic,0.12830227613449097
84,0.7830000305175782,0.6459999847412109,Conrad Harder,LeftFoot,SavedShot,Augsburg,RasenBallsport Leipzig,Tidiam Gomis,0.03323284909129143
1,0.9159999847412109,0.23600000381469727,Bote Baku,RightFoot,MissedShots,RasenBallsport Leipzig,VfB Stuttgart,,0.030973855406045914
2,0.9209999847412109,0.64,David Raum,LeftFoot,SavedShot,RasenBallsport Leipzig,VfB Stuttgart,Assan Ouédraogo,0.2754645049571991
23,0.8490000152587891,0.6959999847412109,Antonio Nusa,RightFoot,SavedShot,RasenBallsport Leipzig,VfB Stuttgart,David Raum,0.03451157733798027
24,0.9180000305175782,0.55,Christoph Baumgartner,Head,MissedShots,RasenBallsport Leipzig,VfB Stuttgart,David Raum,0.08424031734466553
29,0.9,0.2610000038146973,Assan Ouédraogo,RightFoot,SavedShot,RasenBallsport Leipzig,VfB Stuttgart,Yan Diomande,0.03206368163228035
31,0.8180000305175781,0.6070000076293945,Antonio Nusa,LeftFoot,SavedShot,RasenBallsport Leipzig,VfB Stuttgart,Rômulo,0.06696014106273651
32,0.9309999847412109,0.4759999847412109,Rômulo,RightFoot,MissedShots,RasenBallsport Leipzig,VfB Stuttgart,Bote Baku,0.14564551413059235
40,0.95,0.39099998474121095,Rômulo,RightFoot,MissedShots,RasenBallsport Leipzig,VfB Stuttgart,Bote Baku,0.12008749693632126
46,0.9059999847412109,0.27700000762939453,Assan Ouédraogo,RightFoot,SavedShot,RasenBallsport Leipzig,VfB Stuttgart,Antonio Nusa,0.06981929391622543
47,0.845999984741211,0.6459999847412109,Antonio Nusa,RightFoot,MissedShots,RasenBallsport Leipzig,VfB Stuttgart,,0.07143032550811768
52,0.8580000305175781,0.44400001525878907,Yan Diomande,LeftFoot,Goal,RasenBallsport Leipzig,VfB Stuttgart,Christoph Baumgartner,0.08947198837995529
80,0.9180000305175782,0.4640000152587891,Rômulo,Head,SavedShot,RasenBallsport Leipzig,VfB Stuttgart,David Raum,0.08485478907823563
86,0.85,0.35400001525878905,Bote Baku,RightFoot,BlockedShot,RasenBallsport Leipzig,VfB Stuttgart,Rômulo,0.07397204637527466
90,0.9130000305175782,0.6129999923706054,Rômulo,RightFoot,Goal,RasenBallsport Leipzig,VfB Stuttgart,,0.40377750992774963
92,0.74,0.44400001525878907,Conrad Harder,LeftFoot,BlockedShot,RasenBallsport Leipzig,VfB Stuttgart,Lukas Klostermann,0.03410864993929863
93,0.9680000305175781,0.6480000305175782,Yan Diomande,RightFoot,SavedShot,RasenBallsport Leipzig,VfB Stuttgart,,0.11733322590589523
3,0.914000015258789,0.6140000152587891,Antonio Nusa,RightFoot,SavedShot,Hoffenheim,RasenBallsport Leipzig,Rômulo,0.14515897631645203
5,0.8059999847412109,0.4490000152587891,Antonio Nusa,RightFoot,BlockedShot,Hoffenheim,RasenBallsport Leipzig,Nicolas Seiwald,0.07177034765481949
8,0.8980000305175782,0.405,Yan Diomande,LeftFoot,Goal,Hoffenheim,RasenBallsport Leipzig,Assan Ouédraogo,0.32896676659584045
12,0.8419999694824218,0.4929999923706055,Antonio Nusa,LeftFoot,BlockedShot,Hoffenheim,RasenBallsport Leipzig,Yan Diomande,0.10554972290992737
23,0.754000015258789,0.49900001525878906,Assan Ouédraogo,RightFoot,BlockedShot,Hoffenheim,RasenBallsport Leipzig,,0.01221390813589096
28,0.93,0.5690000152587891,Rômulo,RightFoot,SavedShot,Hoffenheim,RasenBallsport Leipzig,David Raum,0.3228904604911804
30,0.845,0.4520000076293945,Assan Ouédraogo,RightFoot,BlockedShot,Hoffenheim,RasenBallsport Leipzig,Yan Diomande,0.08926375210285187
46,0.81,0.6559999847412109,David Raum,LeftFoot,ShotOnPost,Hoffenheim,RasenBallsport Leipzig,Bote Baku,0.033518385142087936
47,0.779000015258789,0.4829999923706055,Yan Diomande,RightFoot,MissedShots,Hoffenheim,RasenBallsport Leipzig,,0.016274582594633102
49,0.9119999694824219,0.48400001525878905,Willi Orban,Head,MissedShots,Hoffenheim,RasenBallsport Leipzig,David Raum,0.0553218238055706
53,0.8580000305175781,0.6840000152587891,Assan Ouédraogo,RightFoot,BlockedShot,Hoffenheim,RasenBallsport Leipzig,Rômulo,0.0405588373541832
55,0.81,0.6220000076293946,Antonio Nusa,RightFoot,MissedShots,Hoffenheim,RasenBallsport Leipzig,David Raum,0.0474272184073925
59,0.8219999694824218,0.6459999847412109,David Raum,LeftFoot,BlockedShot,Hoffenheim,RasenBallsport Leipzig,Antonio Nusa,0.034261755645275116
62,0.7819999694824219,0.5570000076293945,Nicolas Seiwald,RightFoot,BlockedShot,Hoffenheim,RasenBallsport Leipzig,,0.03212745487689972
63,0.9769999694824218,0.265,Yan Diomande,RightFoot,SavedShot,Hoffenheim,RasenBallsport Leipzig,Willi Orban,0.04134978726506233
92,0.9080000305175782,0.4470000076293945,Willi Orban,RightFoot,SavedShot,Hoffenheim,RasenBallsport Leipzig,Johan Bakayoko,0.12157007306814194
92,0.9630000305175781,0.40200000762939453,Willi Orban,RightFoot,BlockedShot,Hoffenheim,RasenBallsport Leipzig,David Raum,0.06364767253398895
1,0.925,0.29100000381469726,Yan Diomande,RightFoot,BlockedShot,RasenBallsport Leipzig,Werder Bremen,Christoph Baumgartner,0.028830859810113907
4,0.8109999847412109,0.54,Antonio Nusa,LeftFoot,SavedShot,RasenBallsport Leipzig,Werder Bremen,Bote Baku,0.05802042782306671
12,0.9630000305175781,0.665,Assan Ouédraogo,LeftFoot,SavedShot,RasenBallsport Leipzig,Werder Bremen,Nicolas Seiwald,0.03669429197907448
15,0.8209999847412109,0.49599998474121093,Yan Diomande,LeftFoot,MissedShots,RasenBallsport Leipzig,Werder Bremen,,0.044382594525814056
19,0.754000015258789,0.29100000381469726,David Raum,LeftFoot,MissedShots,RasenBallsport Leipzig,Werder Bremen,,0.04642973467707634
23,0.9209999847412109,0.44,Christoph Baumgartner,Head,MissedShots,RasenBallsport Leipzig,Werder Bremen,David Raum,0.11978770047426224
25,0.9209999847412109,0.3320000076293945,Bote Baku,RightFoot,MissedShots,RasenBallsport Leipzig,Werder Bremen,,0.07005612552165985
31,0.7280000305175781,0.45299999237060545,Assan Ouédraogo,RightFoot,SavedShot,RasenBallsport Leipzig,Werder Bremen,Antonio Nusa,0.018565624952316284
37,0.7709999847412109,0.3370000076293945,Assan Ouédraogo,RightFoot,BlockedShot,RasenBallsport Leipzig,Werder Bremen,,0.017057321965694427
37,0.855999984741211,0.5509999847412109,Assan Ouédraogo,RightFoot,BlockedShot,RasenBallsport Leipzig,Werder Bremen,,0.06331323832273483
38,0.894000015258789,0.504000015258789,Christoph Baumgartner,RightFoot,SavedShot,RasenBallsport Leipzig,Werder Bremen,Bote Baku,0.28332945704460144
39,0.9769999694824218,0.6819999694824219,David Raum,RightFoot,SavedShot,RasenBallsport Leipzig,Werder Bremen,,0.03741408884525299
45,0.85,0.3970000076293945,Christoph Baumgartner,RightFoot,SavedShot,RasenBallsport Leipzig,Werder Bremen,David Raum,0.09141146391630173
47,0.9569999694824218,0.31799999237060544,Yan Diomande,RightFoot,SavedShot,RasenBallsport Leipzig,Werder Bremen,Christoph Baumgartner,0.046657878905534744
58,0.9740000152587891,0.5229999923706055,Christoph Baumgartner,LeftFoot,BlockedShot,RasenBallsport Leipzig,Werder Bremen,Assan Ouédraogo,0.8086728453636169
62,0.7919999694824219,0.42900001525878906,Assan Ouédraogo,LeftFoot,Goal,RasenBallsport Leipzig,Werder Bremen,Bote Baku,0.035235583782196045
79,0.9209999847412109,0.53,Xaver Schlager,LeftFoot,Goal,RasenBallsport Leipzig,Werder Bremen,Christoph Baumgartner,0.1010836586356163
85,0.855,0.5559999847412109,Johan Bakayoko,LeftFoot,SavedShot,RasenBallsport Leipzig,Werder Bremen,Christoph Baumgartner,0.10770231485366821
86,0.9590000152587891,0.649000015258789,Yan Diomande,LeftFoot,SavedShot,RasenBallsport Leipzig,Werder Bremen,Christoph Baumgartner,0.2723119258880615
87,0.7909999847412109,0.37200000762939456,Johan Bakayoko,LeftFoot,BlockedShot,RasenBallsport Leipzig,Werder Bremen,,0.021985994651913643
87,0.8419999694824218,0.29399999618530276,Johan Bakayoko,LeftFoot,MissedShots,RasenBallsport Leipzig,Werder Bremen,David Raum,0.03134429454803467
94,0.9169999694824219,0.4570000076293945,Willi Orban,Head,SavedShot,RasenBallsport Leipzig,Werder Bremen,David Raum,0.08805330842733383
9,0.769000015258789,0.66,David Raum,LeftFoot,MissedShots,Borussia M.Gladbach,RasenBallsport Leipzig,,0.06342557072639465
12,0.8159999847412109,0.6170000076293946,Antonio Nusa,RightFoot,MissedShots,Borussia M.Gladbach,RasenBallsport Leipzig,David Raum,0.043166633695364
21,0.8369999694824218,0.705,Antonio Nusa,RightFoot,BlockedShot,Borussia M.Gladbach,RasenBallsport Leipzig,Yan Diomande,0.032646335661411285
26,0.815,0.5259999847412109,Conrad Harder,LeftFoot,MissedShots,Borussia M.Gladbach,RasenBallsport Leipzig,,0.059336770325899124
35,0.7,0.5420000076293945,Conrad Harder,LeftFoot,MissedShots,Borussia M.Gladbach,RasenBallsport Leipzig,Castello Lukeba,0.0319584496319294
41,0.7430000305175781,0.3890000152587891,Yan Diomande,RightFoot,MissedShots,Borussia M.Gladbach,RasenBallsport Leipzig,Antonio Nusa,0.018257945775985718
46,0.9109999847412109,0.47700000762939454,Yan Diomande,LeftFoot,BlockedShot,Borussia M.Gladbach,RasenBallsport Leipzig,Antonio Nusa,0.11616436392068863
49,0.9180000305175782,0.595,Christoph Baumgartner,RightFoot,MissedShots,Borussia M.Gladbach,RasenBallsport Leipzig,David Raum,0.05648841708898544
57,0.8519999694824218,0.6279999923706054,Conrad Harder,LeftFoot,BlockedShot,Borussia M.Gladbach,RasenBallsport Leipzig,Bote Baku,0.06261313706636429
62,0.865,0.775,Conrad Harder,LeftFoot,SavedShot,Borussia M.Gladbach,RasenBallsport Leipzig,Antonio Nusa,0.04588375613093376
66,0.74,0.4929999923706055,Bote Baku,RightFoot,BlockedShot,Borussia M.Gladbach,RasenBallsport Leipzig,Johan Bakayoko,0.024661971256136894
69,0.9080000305175782,0.54,Willi Orban,Head,MissedShots,Borussia M.Gladbach,RasenBallsport Leipzig,David Raum,0.02613871358335018
70,0.8109999847412109,0.7659999847412109,Conrad Harder,LeftFoot,SavedShot,Borussia M.Gladbach,RasenBallsport Leipzig,Castello Lukeba,0.022826062515378
79,0.919000015258789,0.68,David Raum,LeftFoot,ShotOnPost,Borussia M.Gladbach,RasenBallsport Leipzig,Yan Diomande,0.23323017358779907
80,0.789000015258789,0.285,Johan Bakayoko,LeftFoot,SavedShot,Borussia M.Gladbach,RasenBallsport Leipzig,Willi Orban,0.02260931208729744
87,0.7180000305175781,0.6040000152587891,Castello Lukeba,LeftFoot,MissedShots,Borussia M.Gladbach,RasenBallsport Leipzig,Nicolas Seiwald,0.016600988805294037
90,0.914000015258789,0.56,Willi Orban,Head,BlockedShot,Borussia M.Gladbach,RasenBallsport Leipzig,David Raum,0.041873566806316376
93,0.8959999847412109,0.515,Christoph Baumgartner,Head,MissedShots,Borussia M.Gladbach,RasenBallsport Leipzig,David Raum,0.03329671546816826
94,0.850999984741211,0.514000015258789,Ezechiel Banzuzi,LeftFoot,SavedShot,Borussia M.Gladbach,RasenBallsport Leipzig,Yan Diomande,0.09770995378494263
95,0.7659999847412109,0.47900001525878905,Lukas Klostermann,LeftFoot,BlockedShot,Borussia M.Gladbach,RasenBallsport Leipzig,,0.04343457147479057
4,0.865999984741211,0.40299999237060546,Conrad Harder,Head,Goal,RasenBallsport Leipzig,Eintracht Frankfurt,Christoph Baumgartner,0.3641117513179779
7,0.9119999694824219,0.40900001525878904,Conrad Harder,Head,SavedShot,RasenBallsport Leipzig,Eintracht Frankfurt,David Raum,0.23961347341537476
14,0.9230000305175782,0.49900001525878906,Conrad Harder,RightFoot,BlockedShot,RasenBallsport Leipzig,Eintracht Frankfurt,David Raum,0.12278534471988678
30,0.98,0.5029999923706054,Christoph Baumgartner,RightFoot,Goal,RasenBallsport Leipzig,Eintracht Frankfurt,Conrad Harder,0.9729589223861694
44,0.7819999694824219,0.37599998474121094,Antonio Nusa,RightFoot,MissedShots,RasenBallsport Leipzig,Eintracht Frankfurt,Yan Diomande,0.029501622542738914
46,0.87,0.595,Yan Diomande,RightFoot,Goal,RasenBallsport Leipzig,Eintracht Frankfurt,,0.08706722408533096
49,0.9019999694824219,0.6890000152587891,Conrad Harder,LeftFoot,MissedShots,RasenBallsport Leipzig,Eintracht Frankfurt,Xaver Schlager,0.11235110461711884
51,0.799000015258789,0.6819999694824219,Antonio Nusa,RightFoot,ShotOnPost,RasenBallsport Leipzig,Eintracht Frankfurt,Castello Lukeba,0.06669241935014725
54,0.8180000305175781,0.46599998474121096,Yan Diomande,LeftFoot,Goal,RasenBallsport Leipzig,Eintracht Frankfurt,Christoph Baumgartner,0.08416341990232468
60,0.9059999847412109,0.4640000152587891,Christoph Baumgartner,RightFoot,BlockedShot,RasenBallsport Leipzig,Eintracht Frankfurt,David Raum,0.09216795116662979
60,0.845999984741211,0.47700000762939454,Xaver Schlager,RightFoot,BlockedShot,RasenBallsport Leipzig,Eintracht Frankfurt,Conrad Harder,0.06905410438776016
61,0.885,0.5,David Raum,LeftFoot,Goal,RasenBallsport Leipzig,Eintracht Frankfurt,,0.75777667760849
64,0.9259999847412109,0.625,Yan Diomande,LeftFoot,Goal,RasenBallsport Leipzig,Eintracht Frankfurt,Nicolas Seiwald,0.5373426675796509
77,0.730999984741211,0.535,Antonio Nusa,RightFoot,MissedShots,RasenBallsport Leipzig,Eintracht Frankfurt,Max Finkgrafe,0.029637476429343224
83,0.7980000305175782,0.8109999847412109,Antonio Nusa,RightFoot,MissedShots,RasenBallsport Leipzig,Eintracht Frankfurt,,0.041602715849876404
93,0.865,0.43900001525878907,Samba Konate,Head,MissedShots,RasenBallsport Leipzig,Eintracht Frankfurt,Andrija Maksimovic,0.0413617305457592
9,0.84,0.664000015258789,Yan Diomande,RightFoot,MissedShots,Union Berlin,RasenBallsport Leipzig,,0.031044915318489075
16,0.8590000152587891,0.6459999847412109,Yan Diomande,LeftFoot,SavedShot,Union Berlin,RasenBallsport Leipzig,,0.06528516113758087
16,0.9159999847412109,0.46099998474121096,Christoph Baumgartner,Head,SavedShot,Union Berlin,RasenBallsport Leipzig,David Raum,0.08860740810632706
38,0.799000015258789,0.6780000305175782,David Raum,LeftFoot,MissedShots,Union Berlin,RasenBallsport Leipzig,,0.07879134267568588
45,0.8240000152587891,0.41900001525878905,Christoph Baumgartner,RightFoot,MissedShots,Union Berlin,RasenBallsport Leipzig,Conrad Harder,0.10465669631958008
56,0.8059999847412109,0.6809999847412109,Conrad Harder,RightFoot,BlockedShot,Union Berlin,RasenBallsport Leipzig,Christoph Baumgartner,0.028230680152773857
59,0.874000015258789,0.32,Tidiam Gomis,RightFoot,Goal,Union Berlin,RasenBallsport Leipzig,Conrad Harder,0.050289336591959
79,0.7830000305175782,0.6809999847412109,Conrad Harder,LeftFoot,MissedShots,Union Berlin,RasenBallsport Leipzig,Yan Diomande,0.02280086651444435
83,0.7819999694824219,0.4259999847412109,Andrija Maksimovic,LeftFoot,BlockedShot,Union Berlin,RasenBallsport Leipzig,Castello Lukeba,0.025970367714762688
6,0.7780000305175782,0.35400001525878905,Conrad Harder,LeftFoot,SavedShot,RasenBallsport Leipzig,Bayer Leverkusen,David Raum,0.04162014648318291
9,0.904000015258789,0.47,Christoph Baumgartner,RightFoot,MissedShots,RasenBallsport Leipzig,Bayer Leverkusen,,0.12539124488830566
12,0.950999984741211,0.43599998474121093,Conrad Harder,Head,MissedShots,RasenBallsport Leipzig,Bayer Leverkusen,David Raum,0.07271252572536469
17,0.9,0.634000015258789,Tidiam Gomis,RightFoot,BlockedShot,RasenBallsport Leipzig,Bayer Leverkusen,Xaver Schlager,0.09669116884469986
30,0.9669999694824218,0.43599998474121093,Willi Orban,RightFoot,SavedShot,RasenBallsport Leipzig,Bayer Leverkusen,David Raum,0.5056731104850769
34,0.825,0.515,Xaver Schlager,LeftFoot,Goal,RasenBallsport Leipzig,Bayer Leverkusen,Christoph Baumgartner,0.07111191749572754
45,0.779000015258789,0.5929999923706055,Tidiam Gomis,RightFoot,BlockedShot,RasenBallsport Leipzig,Bayer Leverkusen,Christoph Baumgartner,0.026817364618182182
47,0.9109999847412109,0.34400001525878904,Christoph Baumgartner,RightFoot,BlockedShot,RasenBallsport Leipzig,Bayer Leverkusen,,0.05748141556978226
47,0.8530000305175781,0.34200000762939453,Xaver Schlager,LeftFoot,BlockedShot,RasenBallsport Leipzig,Bayer Leverkusen,,0.04402880370616913
47,0.909000015258789,0.44,Christoph Baumgartner,Head,MissedShots,RasenBallsport Leipzig,Bayer Leverkusen,David Raum,0.03168877214193344
48,0.7190000152587891,0.48700000762939455,Conrad Harder,LeftFoot,BlockedShot,RasenBallsport Leipzig,Bayer Leverkusen,,0.013505301438272
48,0.8080000305175781,0.6279999923706054,Christoph Baumgartner,RightFoot,SavedShot,RasenBallsport Leipzig,Bayer Leverkusen,David Raum,0.039251506328582764
51,0.875,0.6769999694824219,Tidiam Gomis,RightFoot,MissedShots,RasenBallsport Leipzig,Bayer Leverkusen,Xaver Schlager,0.05573786050081253
52,0.9209999847412109,0.4570000076293945,Conrad Harder,LeftFoot,SavedShot,RasenBallsport Leipzig,Bayer Leverkusen,,0.4924667775630951
55,0.7659999847412109,0.19,Conrad Harder,LeftFoot,MissedShots,RasenBallsport Leipzig,Bayer Leverkusen,Rômulo,0.013206299394369125
60,0.9930000305175781,0.4129999923706055,Conrad Harder,RightFoot,MissedShots,RasenBallsport Leipzig,Bayer Leverkusen,David Raum,0.05682200938463211
75,0.805,0.485,Andrija Maksimovic,LeftFoot,BlockedShot,RasenBallsport Leipzig,Bayer Leverkusen,David Raum,0.040428511798381805
81,0.8590000152587891,0.32299999237060545,Xaver Schlager,LeftFoot,SavedShot,RasenBallsport Leipzig,Bayer Leverkusen,Bote Baku,0.04754505679011345
94,0.9269999694824219,0.48700000762939455,Willi Orban,Head,SavedShot,RasenBallsport Leipzig,Bayer Leverkusen,Christoph Baumgartner,0.1096368134021759
5,0.889000015258789,0.5640000152587891,Rômulo,RightFoot,BlockedShot,RasenBallsport Leipzig,Freiburg,Christoph Baumgartner,0.11554736644029617
30,0.9290000152587891,0.5679999923706055,Nicolas Seiwald,LeftFoot,SavedShot,RasenBallsport Leipzig,Freiburg,Rômulo,0.48972105979919434
34,0.9359999847412109,0.40299999237060546,Willi Orban,Head,MissedShots,RasenBallsport Leipzig,Freiburg,David Raum,0.018992284312844276
38,0.8640000152587891,0.6819999694824219,Christoph Baumgartner,RightFoot,MissedShots,RasenBallsport Leipzig,Freiburg,Rômulo,0.045408230274915695
40,0.7730000305175782,0.5620000076293945,Nicolas Seiwald,RightFoot,SavedShot,RasenBallsport Leipzig,Freiburg,Willi Orban,0.03022109344601631
52,0.9519999694824218,0.47200000762939454,Willi Orban,Head,Goal,RasenBallsport Leipzig,Freiburg,David Raum,0.5049176216125488
54,0.9230000305175782,0.3129999923706055,Tidiam Gomis,RightFoot,SavedShot,RasenBallsport Leipzig,Freiburg,Christoph Baumgartner,0.10381823033094406
55,0.93,0.47,Christoph Baumgartner,OtherBodyPart,SavedShot,RasenBallsport Leipzig,Freiburg,David Raum,0.07960467785596848
55,0.9640000152587891,0.53,Rômulo,Head,Goal,RasenBallsport Leipzig,Freiburg,,0.5156204700469971
58,0.924000015258789,0.35200000762939454,Xaver Schlager,RightFoot,BlockedShot,RasenBallsport Leipzig,Freiburg,Bote Baku,0.11640821397304535
66,0.884000015258789,0.585,Christoph Baumgartner,RightFoot,ShotOnPost,RasenBallsport Leipzig,Freiburg,Antonio Nusa,0.13158367574214935
66,0.9590000152587891,0.40900001525878904,Christoph Baumgartner,RightFoot,BlockedShot,RasenBallsport Leipzig,Freiburg,Yan Diomande,0.14414893090724945
68,0.87,0.7240000152587891,Antonio Nusa,RightFoot,MissedShots,RasenBallsport Leipzig,Freiburg,David Raum,0.06125039979815483
72,0.9790000152587891,0.3970000076293945,Nicolas Seiwald,Head,SavedShot,RasenBallsport Leipzig,Freiburg,Bote Baku,0.013768651522696018
74,0.870999984741211,0.7240000152587891,Antonio Nusa,RightFoot,BlockedShot,RasenBallsport Leipzig,Freiburg,David Raum,0.05404990538954735
77,0.7469999694824219,0.615999984741211,Antonio Nusa,RightFoot,MissedShots,RasenBallsport Leipzig,Freiburg,,0.05781984329223633
79,0.9640000152587891,0.715,Antonio Nusa,LeftFoot,ShotOnPost,RasenBallsport Leipzig,Freiburg,Yan Diomande,0.0719030573964119
80,0.845,0.5070000076293946,Bote Baku,LeftFoot,BlockedShot,RasenBallsport Leipzig,Freiburg,,0.08453532308340073
81,0.845999984741211,0.5109999847412109,Xaver Schlager,RightFoot,BlockedShot,RasenBallsport Leipzig,Freiburg,Yan Diomande,0.053829289972782135
81,0.85,0.48900001525878906,Conrad Harder,LeftFoot,BlockedShot,RasenBallsport Leipzig,Freiburg,,0.07221853733062744
92,0.8919999694824219,0.6769999694824219,Ezechiel Banzuzi,LeftFoot,BlockedShot,RasenBallsport Leipzig,Freiburg,Conrad Harder,0.08245810121297836
2,0.855999984741211,0.649000015258789,Christoph Baumgartner,RightFoot,MissedShots,RasenBallsport Leipzig,Bayern Munich,Rômulo,0.056250449270009995
3,0.9330000305175781,0.37400001525878906,Rômulo,RightFoot,SavedShot,RasenBallsport Leipzig,Bayern Munich,Yan Diomande,0.3404724895954132
6,0.9580000305175781,0.5170000076293946,Antonio Nusa,LeftFoot,MissedShots,RasenBallsport Leipzig,Bayern Munich,Yan Diomande,0.6708011031150818
17,0.82,0.34,Nicolas Seiwald,RightFoot,MissedShots,RasenBallsport Leipzig,Bayern Munich,Yan Diomande,0.034929316490888596
19,0.9580000305175781,0.55,Rômulo,RightFoot,Goal,RasenBallsport Leipzig,Bayern Munich,David Raum,0.5437771677970886
23,0.884000015258789,0.37599998474121094,Antonio Nusa,RightFoot,MissedShots,RasenBallsport Leipzig,Bayern Munich,Nicolas Seiwald,0.3012889623641968
34,0.845999984741211,0.39099998474121095,Yan Diomande,RightFoot,BlockedShot,RasenBallsport Leipzig,Bayern Munich,Rômulo,0.06870568543672562
34,0.96,0.5990000152587891,Christoph Baumgartner,LeftFoot,MissedShots,RasenBallsport Leipzig,Bayern Munich,Antonio Nusa,0.11365993320941925
36,0.8519999694824218,0.7230000305175781,Antonio Nusa,RightFoot,MissedShots,RasenBallsport Leipzig,Bayern Munich,Xaver Schlager,0.05739529803395271
52,0.7609999847412109,0.6790000152587891,Antonio Nusa,RightFoot,BlockedShot,RasenBallsport Leipzig,Bayern Munich,,0.015200861729681492
52,0.775,0.5459999847412109,Antonio Nusa,RightFoot,MissedShots,RasenBallsport Leipzig,Bayern Munich,,0.015716414898633957
63,0.89,0.705,Nicolas Seiwald,RightFoot,BlockedShot,RasenBallsport Leipzig,Bayern Munich,,0.05190703272819519
64,0.8490000152587891,0.4909999847412109,Rômulo,RightFoot,SavedShot,RasenBallsport Leipzig,Bayern Munich,,0.07096483558416367
71,0.9209999847412109,0.35200000762939454,Yan Diomande,RightFoot,SavedShot,RasenBallsport Leipzig,Bayern Munich,Bote Baku,0.2253970056772232
86,0.8469999694824218,0.32099998474121094,Tidiam Gomis,RightFoot,BlockedShot,RasenBallsport Leipzig,Bayern Munich,Bote Baku,0.050704848021268845
93,0.935,0.6419999694824219,Conrad Harder,Head,ShotOnPost,RasenBallsport Leipzig,Bayern Munich,Andrija Maksimovic,0.19702556729316711
93,0.9290000152587891,0.3110000038146973,Bote Baku,RightFoot,BlockedShot,RasenBallsport Leipzig,Bayern Munich,,0.054970912635326385
3,0.9059999847412109,0.624000015258789,Antonio Nusa,RightFoot,BlockedShot,FC Heidenheim,RasenBallsport Leipzig,Bote Baku,0.10052008181810379
21,0.805,0.6709999847412109,Antonio Nusa,RightFoot,MissedShots,FC Heidenheim,RasenBallsport Leipzig,El Chadaille Bitshiabu,0.02890051156282425
52,0.860999984741211,0.3990000152587891,Xaver Schlager,LeftFoot,SavedShot,FC Heidenheim,RasenBallsport Leipzig,Bote Baku,0.08993654698133469
52,0.919000015258789,0.46599998474121096,Christoph Baumgartner,LeftFoot,SavedShot,FC Heidenheim,RasenBallsport Leipzig,,0.11268717795610428
52,0.975,0.5359999847412109,Christoph Baumgartner,Head,BlockedShot,FC Heidenheim,RasenBallsport Leipzig,,0.6725600957870483
52,0.985999984741211,0.5690000152587891,Rômulo,Head,BlockedShot,FC Heidenheim,RasenBallsport Leipzig,,0.08023242652416229
52,0.92,0.6730000305175782,Antonio Nusa,RightFoot,SavedShot,FC Heidenheim,RasenBallsport Leipzig,David Raum,0.06819117069244385
58,0.9059999847412109,0.465,Xaver Schlager,RightFoot,SavedShot,FC Heidenheim,RasenBallsport Leipzig,,0.6179847121238708
61,0.894000015258789,0.34,Bote Baku,LeftFoot,Goal,FC Heidenheim,RasenBallsport Leipzig,Yan Diomande,0.09082391858100891
67,0.855,0.5729999923706055,Antonio Nusa,RightFoot,Goal,FC Heidenheim,RasenBallsport Leipzig,Nicolas Seiwald,0.12889647483825684
69,0.9319999694824219,0.6919999694824219,David Raum,LeftFoot,Goal,FC Heidenheim,RasenBallsport Leipzig,Yan Diomande,0.08602164685726166
